image name,top_x,top_y,bottom_x,bottom_y
licensed_car0.jpeg,722,587,868,688
licensed_car1.jpeg,161,850,582,100
licensed_car2.jpeg,820,697,230,828
licensed_car3.jpeg,434,667,718,765
licensed_car4.jpeg,208,390,865,984
licensed_car5.jpeg,254,649,627,777
licensed_car6.jpeg,411,529,805,692
licensed_car7.jpeg,485,461,720,595
licensed_car8.jpeg,410,453,568,516
licensed_car9.jpeg,413,397,586,623
licensed_car10.jpeg,311,345,657,547
licensed_car11.jpeg,339,491,487,568
licensed_car12.jpeg,335,427,682,549
licensed_car13.jpeg,180,415,443,629
licensed_car14.jpeg,302,388,720,701
licensed_car15.jpeg,354,535,667,671
licensed_car16.jpeg,379,618,635,767
licensed_car17.jpeg,128,590,399,765
licensed_car18.jpeg,678,486,880,595
licensed_car19.jpeg,285,357,807,738
licensed_car20.jpeg,314,474,755,733
licensed_car21.jpeg,340,487,637,107
licensed_car22.jpeg,325,494,634,570
licensed_car23.jpeg,375,413,744,484
licensed_car24.jpeg,270,548,718,770
licensed_car25.jpeg,453,395,693,491
licensed_car26.jpeg,305,450,761,658
licensed_car27.jpeg,980,463,494,736
licensed_car30.jpeg,188,213,954,831
licensed_car31.jpeg,450,492,568,633
licensed_car32.jpeg,185,490,460,647
licensed_car33.jpeg,630,619,358,740
licensed_car34.jpeg,318,391,668,548
licensed_car35.jpeg,370,386,640,472
licensed_car36.jpeg,303,412,609,579
licensed_car37.jpeg,401,435,631,685
licensed_car38.jpeg,486,528,559,571
licensed_car39.jpeg,266,36,996,746
licensed_car40.jpeg,221,392,450,551
licensed_car41.jpeg,299,493,654,650
licensed_car42.jpeg,520,640,328,804
licensed_car44.jpeg,496,580,739,662
licensed_car45.jpeg,685,445,898,564
licensed_car46.jpeg,307,586,644,737
licensed_car47.jpeg,387,617,583,708
licensed_car48.jpeg,244,343,879,626
licensed_car49.jpeg,337,532,607,654
licensed_car50.jpeg,460,551,693,616
licensed_car51.jpeg,610,668,822,864
licensed_car52.jpeg,104,669,417,793
licensed_car53.jpeg,520,561,887,701
licensed_car54.jpeg,260,612,702,770
licensed_car55.jpeg,562,698,886,881
licensed_car56.jpeg,373,485,509,540
licensed_car57.jpeg,201,344,390,442
licensed_car58.jpeg,168,465,550,673
licensed_car59.jpeg,294,562,714,778
licensed_car60.jpeg,316,530,461,617
licensed_car61.jpeg,297,483,702,604
licensed_car62.jpeg,120,408,990,100
licensed_car63.jpeg,105,390,576,544
licensed_car64.jpeg,203,481,573,693
licensed_car65.jpeg,760,134,996,932
licensed_car66.jpeg,184,300,719,646
licensed_car67.jpeg,805,593,213,786
licensed_car68.jpeg,123,612,286,712
licensed_car69.jpeg,311,516,679,660
licensed_car70.jpeg,365,758,683,925
licensed_car71.jpeg,282,710,686,893
licensed_car72.jpeg,276,309,762,738
licensed_car73.jpeg,247,420,453,528
licensed_car74.jpeg,318,438,686,607
licensed_car75.jpeg,688,427,866,551
licensed_car76.jpeg,290,529,650,661
licensed_car77.jpeg,488,355,891,783
licensed_car78.jpeg,340,507,659,708
licensed_car79.jpeg,545,595,828,704
licensed_car80.jpeg,146,395,797,716
licensed_car81.jpeg,697,635,983,764
licensed_car82.jpeg,221,162,847,765
licensed_car83.jpeg,400,469,688,637
licensed_car84.jpeg,277,527,695,696
licensed_car85.jpeg,292,512,728,693
licensed_car86.jpeg,453,509,816,724
licensed_car87.jpeg,436,542,599,618
licensed_car88.jpeg,561,475,792,621
licensed_car89.jpeg,370,469,696,572
licensed_car90.jpeg,679,358,831,510
licensed_car91.jpeg,606,512,782,629
licensed_car92.jpeg,342,784,687,944
licensed_car93.jpeg,153,614,453,844
licensed_car94.jpeg,397,432,612,538
licensed_car95.jpeg,314,437,699,556
licensed_car96.jpeg,350,551,663,765
licensed_car97.jpeg,351,596,631,867
licensed_car99.jpeg,202,402,516,656
licensed_car102.jpeg,256,262,722,716
licensed_car104.jpeg,477,571,695,686
licensed_car105.jpeg,160,190,929,711
licensed_car106.jpeg,348,425,495,565
licensed_car107.jpeg,111,170,902,875
licensed_car108.jpeg,627,102,911,897
licensed_car109.jpeg,843,261,827,594
licensed_car110.jpeg,466,283,915,665
licensed_car111.jpeg,662,296,928,541
licensed_car112.jpeg,440,133,998,965
licensed_car113.jpeg,280,302,842,710
licensed_car114.jpeg,333,673,685,803
licensed_car115.jpeg,800,164,998,417
licensed_car116.jpeg,191,280,870,724
licensed_car117.jpeg,268,257,721,553
licensed_car118.jpeg,256,366,679,672
licensed_car119.jpeg,270,177,981,447
licensed_car120.jpeg,274,536,760,766
licensed_car122.jpeg,240,198,880,746
licensed_car123.jpeg,381,613,712,782
licensed_car124.jpeg,337,393,800,656
licensed_car125.jpeg,334,300,700,492
licensed_car126.jpeg,692,459,998,625
licensed_car127.jpeg,314,162,996,618
licensed_car128.jpeg,312,320,598,503
licensed_car129.jpeg,276,391,756,594
licensed_car130.jpeg,280,935,998,834
licensed_car131.jpeg,343,414,578,527
licensed_car132.jpeg,301,487,471,636
licensed_car133.jpeg,408,648,714,913
licensed_car134.jpeg,177,451,423,607
licensed_car135.jpeg,212,762,509,867
licensed_car136.jpeg,310,605,656,825
licensed_car137.jpeg,307,582,677,748
licensed_car138.jpeg,282,695,686,877
licensed_car139.jpeg,475,603,293,737
licensed_car140.jpeg,560,576,809,696
licensed_car141.jpeg,292,489,790,715
licensed_car142.jpeg,797,694,936,797
licensed_car143.jpeg,367,449,723,600
licensed_car144.jpeg,220,492,876,739
licensed_car145.jpeg,329,384,743,536
licensed_car146.jpeg,315,385,595,540
licensed_car147.jpeg,270,673,520,813
licensed_car148.jpeg,191,765,691,988
licensed_car149.jpeg,353,651,679,788
licensed_car150.jpeg,278,560,684,730
licensed_car151.jpeg,271,487,571,715
licensed_car152.jpeg,342,565,657,640
licensed_car153.jpeg,260,524,508,646
licensed_car154.jpeg,301,455,675,620
licensed_car155.jpeg,328,388,914,545
licensed_car156.jpeg,505,458,837,687
licensed_car157.jpeg,162,400,751,706
licensed_car158.jpeg,166,633,738,899
licensed_car159.jpeg,285,340,606,665
licensed_car160.jpeg,529,569,662,627
licensed_car161.jpeg,454,481,571,592
licensed_car162.jpeg,268,100,746,322
licensed_car163.jpeg,568,575,850,788
licensed_car164.jpeg,358,752,656,872
licensed_car165.jpeg,176,432,489,600
licensed_car166.jpeg,562,188,100,877
licensed_car167.jpeg,443,526,898,699
licensed_car168.jpeg,341,419,676,586
licensed_car169.jpeg,480,264,996,796
licensed_car170.jpeg,277,294,872,719
licensed_car171.jpeg,304,729,615,847
licensed_car172.jpeg,320,516,990,864
licensed_car173.jpeg,442,455,862,686
licensed_car174.jpeg,418,354,896,683
licensed_car175.jpeg,264,440,970,856
licensed_car176.jpeg,325,603,657,750
licensed_car177.jpeg,900,410,275,550
licensed_car178.jpeg,331,644,440,789
licensed_car179.jpeg,379,656,585,743
licensed_car180.jpeg,314,337,701,502
licensed_car181.jpeg,356,472,621,600
licensed_car182.jpeg,312,616,435,703
licensed_car183.jpeg,338,755,716,866
licensed_car184.jpeg,200,546,518,767
licensed_car185.jpeg,380,643,648,765
licensed_car186.jpeg,328,551,675,694
licensed_car187.jpeg,388,445,591,560
licensed_car188.jpeg,621,533,827,667
licensed_car189.jpeg,244,421,843,745
licensed_car190.jpeg,328,326,648,444
licensed_car191.jpeg,346,729,672,829
licensed_car192.jpeg,427,542,622,673
licensed_car193.jpeg,120,880,100,756
licensed_car194.jpeg,293,44,453,568
licensed_car195.jpeg,221,409,551,597
licensed_car196.jpeg,295,523,636,660
licensed_car197.jpeg,373,306,776,480
licensed_car198.jpeg,325,590,466,694
licensed_car199.jpeg,795,624,951,757
licensed_car200.jpeg,305,642,152,839
licensed_car201.jpeg,398,529,595,662
licensed_car202.jpeg,198,615,818,933
licensed_car203.jpeg,406,534,628,706
licensed_car204.jpeg,361,633,644,789
licensed_car205.jpeg,166,460,445,640
licensed_car206.jpeg,726,574,870,698
licensed_car207.jpeg,276,229,903,540
licensed_car208.jpeg,308,547,754,723
licensed_car209.jpeg,112,622,530,814
licensed_car210.jpeg,276,293,854,638
licensed_car211.jpeg,314,356,764,640
licensed_car212.jpeg,288,340,696,599
licensed_car213.jpeg,243,379,785,713
licensed_car214.jpeg,286,689,678,906
licensed_car215.jpeg,368,680,778,825
licensed_car216.jpeg,474,303,774,482
licensed_car217.jpeg,246,403,868,727
licensed_car218.jpeg,360,419,760,686
licensed_car219.jpeg,352,627,826,858
licensed_car220.jpeg,131,578,464,721
licensed_car221.jpeg,216,737,694,902
licensed_car222.jpeg,282,663,702,819
licensed_car223.jpeg,272,585,696,829
licensed_car224.jpeg,104,257,816,742
licensed_car225.jpeg,286,524,804,694
licensed_car226.jpeg,372,336,726,532
licensed_car227.jpeg,250,638,545,866
licensed_car228.jpeg,343,493,741,753
licensed_car229.jpeg,309,501,793,749
licensed_car230.jpeg,330,598,764,883
licensed_car231.jpeg,522,489,590,778
licensed_car232.jpeg,344,609,706,778
licensed_car233.jpeg,368,453,616,618
licensed_car234.jpeg,334,608,628,768
licensed_car235.jpeg,295,601,441,719
licensed_car236.jpeg,405,129,929,857
eu1.jpeg,396,453,599,514
eu10.jpeg,297,489,395,517
eu11.jpeg,153,519,356,591
eu2.jpeg,313,804,622,903
eu3.jpeg,725,513,914,572
eu4.jpeg,146,466,856,724
eu5.jpeg,190,617,343,672
eu6.jpeg,655,653,868,718
eu7.jpeg,414,621,581,672
eu8.jpeg,309,706,606,797
eu9.jpeg,651,475,870,545
test_001.jpeg,417,535,655,597
test_002.jpeg,369,462,585,527
test_003.jpeg,341,400,662,498
test_004.jpeg,406,418,638,488
test_005.jpeg,390,578,616,648
test_006.jpeg,357,627,616,706
test_007.jpeg,301,450,581,536
test_008.jpeg,286,652,501,717
test_009.jpeg,369,495,545,548
test_010.jpeg,326,691,722,810
test_011.jpeg,399,476,600,537
test_012.jpeg,432,597,649,662
test_013.jpeg,364,517,685,609
test_014.jpeg,483,494,725,583
test_015.jpeg,401,626,619,711
test_016.jpeg,269,483,519,561
test_017.jpeg,328,682,603,757
test_018.jpeg,392,650,653,726
test_019.jpeg,382,523,610,591
test_020.jpeg,363,535,624,606
test_021.jpeg,337,548,629,618
test_022.jpeg,371,634,614,702
test_023.jpeg,401,735,661,798
test_024.jpeg,338,679,620,751
test_025.jpeg,346,521,640,596
test_026.jpeg,122,619,319,682
test_027.jpeg,539,476,814,560
test_028.jpeg,357,456,635,540
test_029.jpeg,499,441,696,500
test_030.jpeg,386,523,683,612
test_031.jpeg,430,476,675,543
test_032.jpeg,362,423,594,493
test_033.jpeg,347,393,624,476
test_034.jpeg,446,539,598,585
test_035.jpeg,387,425,552,474
test_036.jpeg,322,474,451,513
test_037.jpeg,452,434,591,476
test_038.jpeg,379,480,645,549
test_039.jpeg,450,397,583,438
test_040.jpeg,501,585,684,640
test_041.jpeg,321,637,563,706
test_042.jpeg,356,580,514,683
test_043.jpeg,283,474,476,534
test_044.jpeg,582,463,802,519
test_045.jpeg,550,611,761,670
test_046.jpeg,459,416,767,508
test_047.jpeg,464,708,733,779
test_048.jpeg,271,525,532,597
test_049.jpeg,511,511,757,586
test_050.jpeg,400,458,672,527
test_051.jpeg,211,670,414,734
test_052.jpeg,243,429,420,483
test_053.jpeg,563,663,781,739
test_054.jpeg,217,696,434,765
test_055.jpeg,320,531,554,601
test_056.jpeg,462,542,666,594
test_057.jpeg,316,637,535,704
test_058.jpeg,450,477,658,542
test_059.jpeg,399,509,645,585
test_060.jpeg,717,332,966,393
test_061.jpeg,436,337,674,419
test_062.jpeg,553,641,753,710
test_063.jpeg,217,489,454,561
test_064.jpeg,342,413,581,485
test_065.jpeg,266,401,501,471
test_066.jpeg,355,514,652,595
test_067.jpeg,377,739,661,825
test_068.jpeg,376,536,647,615
test_069.jpeg,356,520,657,604
test_070.jpeg,320,456,595,540
test_071.jpeg,314,419,584,496
test_072.jpeg,265,494,510,569
test_073.jpeg,253,493,514,575
test_074.jpeg,293,708,484,788
test_075.jpeg,261,524,465,583
test_076.jpeg,195,420,406,482
test_077.jpeg,364,657,592,730
test_078.jpeg,240,666,529,747
test_079.jpeg,313,510,536,579
test_080.jpeg,359,505,620,573
test_081.jpeg,367,466,609,539
test_082.jpeg,390,691,630,764
test_083.jpeg,558,547,736,612
test_084.jpeg,548,645,738,705
test_085.jpeg,587,651,807,725
test_086.jpeg,315,422,585,500
test_087.jpeg,458,725,706,798
test_088.jpeg,380,690,640,757
test_089.jpeg,411,705,675,784
test_090.jpeg,333,581,630,661
test_091.jpeg,338,496,650,576
test_092.jpeg,344,686,623,772
test_093.jpeg,247,464,478,535
test_094.jpeg,364,675,639,748
test_095.jpeg,400,466,650,542
test_096.jpeg,125,638,304,698
test_097.jpeg,206,653,391,711
AYO9034.jpeg,412,572,539,644
AZJ6991.jpeg,437,501,621,560
FZB9581.jpeg,755,385,957,450
GWT2180.jpeg,413,428,590,529
HPM9362.jpeg,456,701,658,788
JGZ3298.jpeg,167,354,798,627
JIT7463.jpeg,370,486,628,532
JIY4434.jpeg,536,488,707,586
JOG9221.jpeg,407,446,608,511
JPQ9870.jpeg,446,486,696,567
JQS5683.jpeg,400,419,541,464
JQV5526.jpeg,288,563,501,632
JRD2238.jpeg,325,466,444,504
JRK5336.jpeg,288,512,442,562
JRV1942.jpeg,438,485,643,551
JSC7486.jpeg,329,487,559,561
JSG9648.jpeg,446,445,623,502
JSK5419.jpeg,386,478,655,565
JSP7678.jpeg,325,378,607,470
JSQ1413.jpeg,432,629,650,700
JST2699.jpeg,293,602,655,719
MTW5608.jpeg,342,601,606,714
MXQ1601.jpeg,371,696,635,782
MYX3152.jpeg,285,599,544,682
NTD9247.jpeg,528,563,707,621
NTH0518.jpeg,308,544,654,656
NTK5785.jpeg,407,530,598,592
NTO1053.jpeg,437,431,664,504
NTV0498.jpeg,485,514,672,574
NYI3834.jpeg,404,696,660,779
NYL3614.jpeg,350,518,555,585
NYM7544.jpeg,286,624,506,695
NYY1710.jpeg,403,606,592,715
NYZ0897.jpeg,411,531,540,605
NZF0384.jpeg,426,569,603,626
NZF7823.jpeg,399,539,567,592
NZJ6581.jpeg,401,600,605,666
NZM5430.jpeg,348,531,634,623
NZO6276.jpeg,357,549,560,614
NZP8292.jpeg,436,497,675,575
NZU2673.jpeg,391,637,606,707
NZW2197.jpeg,378,659,648,746
OCX4764.jpeg,331,731,532,817
ODC9387.jpeg,470,738,647,814
ODJ1599.jpeg,439,556,706,671
OEL1145.jpeg,180,521,424,600
OKK7448.jpeg,417,633,616,697
OKL0817.jpeg,373,323,567,385
OKL1235.jpeg,396,619,543,704
OKM0944.jpeg,234,464,410,521
OKM2371.jpeg,286,724,475,785
OKP7250.jpeg,389,719,636,799
OKS0078.jpeg,407,527,564,578
OKT3896.jpeg,364,544,552,605
OKV8004.jpeg,360,628,580,700
OLA1208.jpeg,340,684,562,812
OLB4809.jpeg,411,584,560,669
OLC4728.jpeg,403,572,612,691
OLC7676.jpeg,409,572,599,680
OLE5095.jpeg,378,658,578,773
OUG6157.jpeg,479,430,649,485
OUH9191.jpeg,406,601,579,701
OUM7311.jpeg,400,662,561,755
OUN4297.jpeg,405,602,599,713
OUP1442.jpeg,485,560,650,613
OUP9563.jpeg,392,482,591,546
OUQ6314.jpeg,386,691,553,787
OUW5216.jpeg,417,663,602,769
OUZ2198.jpeg,375,629,555,733
OVA1319.jpeg,335,510,535,575
OVK3653.jpeg,378,375,664,497
OYJ9557.jpeg,385,666,567,744
OZC8400.jpeg,371,504,664,599
OZG3580.jpeg,358,442,696,551
OZK4620.jpeg,648,463,938,557
OZK6717.jpeg,353,450,560,517
OZL2318.jpeg,462,625,696,700
OZP8126.jpeg,414,572,643,646
OZR2224.jpeg,384,717,659,806
OZS6477.jpeg,345,610,538,672
OZU2104.jpeg,347,522,608,607
OZU5764.jpeg,336,473,600,625
OZV6697.jpeg,335,441,562,539
PAG5219.jpeg,412,788,590,891
PJB2414.jpeg,327,427,614,593
PJB7392.jpeg,331,510,478,558
PJC4903.jpeg,421,585,647,658
PJD2685.jpeg,170,487,374,553
PJF4224.jpeg,495,628,700,695
PJF5797.jpeg,414,501,597,560
PJG0783.jpeg,796,406,334,488
PJH0957.jpeg,377,469,558,528
PJI5396.jpeg,351,583,615,668
PJI5921.jpeg,432,454,623,516
PJI7589.jpeg,300,537,507,603
PJJ1406.jpeg,382,464,564,523
PJJ4955.jpeg,310,529,553,608
PJK4867.jpeg,578,502,852,590
PJP2783.jpeg,342,638,639,734
PJP8208.jpeg,137,382,348,450
PJT2905.jpeg,780,448,210,516
PJT4884.jpeg,408,538,589,596
PJU2207.jpeg,329,714,639,814
PJU2853.jpeg,339,751,557,844
PJV9741.jpeg,386,458,656,546
PJX5721.jpeg,387,669,567,772
PJY5472.jpeg,445,624,653,691
PJY8509.jpeg,388,582,570,640
PUT6858.jpeg,343,659,605,744
PVX0095.jpeg,579,244,841,560
PWC0633.jpeg,350,647,541,730
PWF3266.jpeg,341,779,571,878
PXP8172.jpeg,450,684,637,745
PYB6477.jpeg,658,622,884,695
0b86cecf-67d1-4fc0-87c9-b36b0ee228bb.jpeg,486,335,538,380
12c6cb72-3ea3-49e7-b381-e0cdfc5e8960.jpeg,711,188,760,231
1e241dc8-8f18-4955-8988-03a0ab49f813.jpeg,444,441,493,484
21d8c31d-3deb-494b-9c63-c0223306fd82.jpeg,545,118,590,158
22e54a62-57a8-4a0a-88c1-4b9758f67651.jpeg,334,287,379,327
316b64c0-55bf-4079-a1c0-d93f461a576f.jpeg,416,750,134,833
33fa5185-0286-4e8f-b775-46162eba39d4.jpeg,520,173,565,213
37170dd1-2802-4e38-b982-c5d07c64ff67.jpeg,365,440,417,486
3850ba91-3c64-4c64-acba-0c46b61ec0da.jpeg,254,177,299,216
4be2025c-09f7-4bb0-b1bd-8e8633e6dec1.jpeg,278,458,325,500
5b562a61-34ad-4f00-9164-d34abb7a38e4.jpeg,408,423,453,462
7fbfbe28-aecb-45be-bd05-7cf26acb3c5c.jpeg,350,379,397,420
a03ced3f-5a97-4e75-8106-fabfd2b8b76e.jpeg,696,101,742,143
c9368c55-210d-456c-a5ef-c310e60039ec.jpeg,615,172,662,213
car1.jpeg,405,593,596,688
car11.jpeg,773,350,141,392
car12.jpeg,260,592,378,671
car13.jpeg,432,391,592,498
car15.jpeg,190,383,358,508
car16.jpeg,486,750,606,839
car17.jpeg,347,362,129,433
car18.jpeg,111,393,219,475
car19.jpeg,283,360,611,605
car2.jpeg,204,815,288,871
car21.jpeg,225,347,274,380
car22.jpeg,378,385,421,413
car3.jpeg,436,696,570,774
car5.jpeg,433,620,578,727
car6.jpeg,445,258,571,341
car7.jpeg,426,380,578,494
car8.jpeg,358,603,525,666
car9-0.jpeg,807,295,965,339
car9-1.jpeg,699,282,903,339
car9-2.jpeg,458,424,517,477
car9-4.jpeg,680,304,801,338
car9-5.jpeg,515,260,659,300
car9-7.jpeg,104,306,253,348
car9-9.jpeg,447,302,546,329
car9.jpeg,572,452,638,506
cfaa9dd2-a388-4e92-bb3a-ae65c28d8139.jpeg,266,351,307,387
d4f79480-366a-40b6-ab2c-328bcba705b2.jpeg,373,466,428,515
e73fd200-7ba4-4725-9d1d-2ec710864df6.jpeg,855,386,925,448
f0a3b8c0-198a-471b-9ca9-345c3dd28073.jpeg,210,404,263,450
f8fc5e59-9083-466b-ae3f-6b869a0b257b.jpeg,826,220,876,265
us1.jpeg,391,465,515,575
us10.jpeg,326,485,640,693
us2.jpeg,476,483,651,600
us3.jpeg,420,552,604,674
us4.jpeg,216,271,736,663
us5.jpeg,481,501,610,586
us6.jpeg,379,697,593,830
us7.jpeg,382,350,707,593
us8.jpeg,344,404,710,647
wts-lg-000010.jpeg,362,611,452,690
wts-lg-000011.jpeg,207,300,318,389
wts-lg-000012.jpeg,446,393,539,476
wts-lg-000013.jpeg,435,770,528,852
wts-lg-000014.jpeg,431,238,501,301
wts-lg-000016.jpeg,403,430,489,506
wts-lg-000017.jpeg,394,559,500,654
wts-lg-000018.jpeg,246,455,317,519
wts-lg-000020.jpeg,363,278,496,384
wts-lg-000021.jpeg,538,451,608,507
wts-lg-000022.jpeg,532,379,597,431
wts-lg-000023.jpeg,859,235,948,306
wts-lg-000024.jpeg,503,129,595,209
wts-lg-000025.jpeg,746,537,804,588
wts-lg-000026.jpeg,335,151,410,216
wts-lg-000027.jpeg,692,284,797,377
wts-lg-000028.jpeg,277,593,393,695
wts-lg-000029.jpeg,497,395,571,454
wts-lg-000030.jpeg,373,570,428,619
wts-lg-000031.jpeg,510,606,584,672
wts-lg-000032.jpeg,175,468,238,523
wts-lg-000033.jpeg,491,473,555,530
wts-lg-000034.jpeg,817,438,865,480
wts-lg-000035.jpeg,272,610,345,658
wts-lg-000036.jpeg,606,489,667,537
wts-lg-000037.jpeg,436,608,488,654
wts-lg-000038.jpeg,209,748,282,806
wts-lg-000039.jpeg,256,526,335,578
wts-lg-000040.jpeg,339,323,425,392
wts-lg-000041.jpeg,279,598,369,670
wts-lg-000042.jpeg,437,771,133,831
wts-lg-000043.jpeg,532,541,603,597
wts-lg-000044.jpeg,329,856,401,914
wts-lg-000045.jpeg,266,496,343,557
wts-lg-000046.jpeg,369,170,428,210
wts-lg-000047.jpeg,447,330,491,369
wts-lg-000048.jpeg,381,823,439,875
wts-lg-000049.jpeg,504,452,562,504
wts-lg-000050.jpeg,438,811,490,856
wts-lg-000051.jpeg,590,631,667,692
wts-lg-000052.jpeg,376,691,429,738
wts-lg-000053.jpeg,467,629,519,675
wts-lg-000055.jpeg,231,748,308,816
wts-lg-000056.jpeg,453,706,541,776
wts-lg-000057.jpeg,300,270,385,345
wts-lg-000058.jpeg,553,268,594,304
wts-lg-000059.jpeg,106,598,179,663
wts-lg-000060.jpeg,261,408,350,486
wts-lg-000061.jpeg,239,193,296,238
wts-lg-000062.jpeg,517,722,581,779
wts-lg-000063.jpeg,316,686,417,753
wts-lg-000064.jpeg,345,530,420,590
wts-lg-000065.jpeg,209,566,295,643
wts-lg-000066.jpeg,510,884,585,951
wts-lg-000067.jpeg,251,373,313,421
wts-lg-000068.jpeg,707,904,781,962
wts-lg-000069.jpeg,584,822,647,877
wts-lg-000070.jpeg,489,688,575,765
wts-lg-000071.jpeg,329,837,387,884
wts-lg-000072.jpeg,917,790,975,835
wts-lg-000073.jpeg,789,468,862,533
wts-lg-000074.jpeg,714,436,807,519
wts-lg-000075.jpeg,625,556,699,622
wts-lg-000076.jpeg,328,365,409,436
wts-lg-000077.jpeg,400,502,483,576
wts-lg-000078.jpeg,425,522,496,586
wts-lg-000079.jpeg,921,111,996,763
wts-lg-000080.jpeg,307,375,393,451
wts-lg-000082.jpeg,152,291,235,346
wts-lg-000083.jpeg,492,880,556,937
wts-lg-000084.jpeg,339,577,416,645
wts-lg-000085.jpeg,519,792,597,854
wts-lg-000086.jpeg,145,304,222,372
wts-lg-000087.jpeg,540,809,617,877
wts-lg-000088.jpeg,474,323,528,365
wts-lg-000089.jpeg,432,501,481,540
wts-lg-000090.jpeg,171,265,242,327
wts-lg-000091.jpeg,589,193,652,243
wts-lg-000094.jpeg,432,598,533,678
wts-lg-000095.jpeg,500,476,572,532
wts-lg-000096.jpeg,185,330,247,386
wts-lg-000097.jpeg,482,768,552,830
wts-lg-000098.jpeg,678,572,746,631
wts-lg-000099.jpeg,255,394,320,451
wts-lg-000100.jpeg,196,718,271,783
wts-lg-000101.jpeg,827,525,901,590
wts-lg-000102.jpeg,514,686,574,738
wts-lg-000106.jpeg,314,462,384,518
wts-lg-000113.jpeg,366,487,455,566
wts-lg-000115.jpeg,218,773,325,868
wts-lg-000117.jpeg,557,691,633,759
wts-lg-000118.jpeg,646,288,709,344
wts-lg-000119.jpeg,526,283,591,340
wts-lg-000120.jpeg,376,405,443,465
wts-lg-000121.jpeg,687,127,746,180
wts-lg-000122.jpeg,522,312,589,372
wts-lg-000123.jpeg,498,406,565,466
wts-lg-000124.jpeg,633,198,695,252
wts-lg-000125.jpeg,549,347,610,401
wts-lg-000126.jpeg,607,138,663,500
wts-lg-000127.jpeg,522,287,588,345
wts-lg-000128.jpeg,544,381,609,438
wts-lg-000129.jpeg,761,566,873,665
wts-lg-000130.jpeg,484,377,550,436
wts-lg-000131.jpeg,536,331,600,388
wts-lg-000132.jpeg,613,181,675,237
wts-lg-000133.jpeg,477,330,542,388
wts-lg-000134.jpeg,491,386,561,448
wts-lg-000135.jpeg,372,586,477,679
wts-lg-000136.jpeg,570,461,679,558
wts-lg-000137.jpeg,514,447,624,544
wts-lg-000138.jpeg,682,484,774,565
wts-lg-000139.jpeg,627,138,684,188
wts-lg-000140.jpeg,559,284,625,343
wts-lg-000141.jpeg,334,255,399,312
wts-lg-000142.jpeg,203,605,278,672
wts-lg-000143.jpeg,301,443,371,504
wts-lg-000144.jpeg,515,448,625,545
wts-lg-000145.jpeg,510,375,574,430
wts-lg-000146.jpeg,611,279,671,331
wts-lg-000147.jpeg,571,170,628,220
wts-lg-000148.jpeg,228,451,298,512
wts-lg-000149.jpeg,470,343,537,402
wts-lg-000150.jpeg,386,429,456,490
wts-lg-000151.jpeg,410,134,472,188
wts-lg-000152.jpeg,560,226,622,281
wts-lg-000154.jpeg,192,423,266,488
wts-lg-000155.jpeg,621,404,721,493
wts-lg-000156.jpeg,598,344,660,400
wts-lg-000157.jpeg,464,408,530,466
wts-lg-000158.jpeg,617,443,725,538
wts-lg-000159.jpeg,376,420,458,493
wts-lg-000160.jpeg,355,438,424,500
wts-lg-000161.jpeg,396,586,475,655
wts-lg-000162.jpeg,594,481,704,579
wts-lg-000163.jpeg,571,125,651,195
wts-lg-000164.jpeg,658,430,764,525
wts-lg-000165.jpeg,657,391,767,488
wts-lg-000166.jpeg,391,151,450,204
wts-lg-000167.jpeg,370,626,444,691
wts-lg-000168.jpeg,247,723,375,836
wts-lg-000169.jpeg,476,472,546,534
wts-lg-000170.jpeg,357,481,428,544
wts-lg-000171.jpeg,539,344,644,437
wts-lg-000172.jpeg,426,504,491,561
wts-lg-000173.jpeg,508,325,573,381
wts-lg-000174.jpeg,345,390,416,452
wts-lg-000175.jpeg,476,548,586,645
wts-lg-000176.jpeg,659,548,772,648
wts-lg-000177.jpeg,329,597,407,665
wts-lg-000178.jpeg,496,261,558,315
wts-lg-000179.jpeg,498,225,558,277
wts-lg-000181.jpeg,473,579,564,659
wts-lg-000183.jpeg,706,138,766,191
wts-lg-000186.jpeg,406,394,113,458
wts-lg-000187.jpeg,361,305,429,365
wts-lg-000188.jpeg,280,252,346,311
wts-lg-000189.jpeg,730,251,789,304
wts-lg-000190.jpeg,296,595,373,663
wts-lg-000191.jpeg,592,634,700,730
wts-lg-000192.jpeg,447,416,513,475
wts-lg-000193.jpeg,386,588,499,688
wts-lg-000194.jpeg,671,111,735,680
wts-lg-000195.jpeg,487,509,554,569
wts-lg-000196.jpeg,525,601,631,695
wts-lg-000197.jpeg,549,138,606,638
wts-lg-000199.jpeg,189,236,250,290
